CREATE TABLE IF NOT EXISTS country
(
    id   BIGINT  NOT NULL PRIMARY KEY,
    name VARCHAR NOT NULL
);

CREATE TABLE IF NOT EXISTS city
(
    id         BIGINT  NOT NULL PRIMARY KEY,
    name       VARCHAR NOT NULL,
    country_id BIGINT,
    logo BYTEA,
    FOREIGN KEY (country_id) REFERENCES country(id)
);

CREATE TABLE IF NOT EXISTS users
(
    id       BIGINT  NOT NULL PRIMARY KEY,
    name     VARCHAR NOT NULL,
    password VARCHAR NOT NULL,
    roles    VARCHAR
);

INSERT INTO country
VALUES (1, 'Germany'),
       (2, 'Spain'),
       (3, 'France'),
       (4, 'UK');

INSERT INTO city
VALUES (1, 'Berlin', 1,
        '3FF68A9C3D2A122361CBB691CFC9E32181AA4FE4447A552E9D9EB'),
       (2, 'Frankfurt', 1,
        '3FF68A9C3D2A122361CBB691CFC9E32181AA4FE4447A552E9D9EB'),
       (3, 'Dortmund', 1,
        '3FF68A9C3D2A122361CBB691CFC9E32181AA4FE4447A552E9D9EB'),
       (4, 'Madrid', 2,
        '3FF68A9C3D2A122361CBB691CFC9E32181AA4FE4447A552E9D9EB'),
       (5, 'Bilbao', 2,
        '3FF68A9C3D2A122361CBB691CFC9E32181AA4FE4447A552E9D9EB'),
       (6, 'Barcelona', 2,
        '3FF68A9C3D2A122361CBB691CFC9E32181AA4FE4447A552E9D9EB'),
       (7, 'Paris', 3,
        '3FF68A9C3D2A122361CBB691CFC9E32181AA4FE4447A552E9D9EB'),
       (8, 'London', 4,
        '3FF68A9C3D2A122361CBB691CFC9E32181AA4FE4447A552E9D9EB'),
       (9, 'Manchester', 4,
        '3FF68A9C3D2A122361CBB691CFC9E32181AA4FE4447A552E9D9EB'),
       (10, 'Liverpool', 4,
        '3FF68A9C3D2A122361CBB691CFC9E32181AA4FE4447A552E9D9EB');

INSERT INTO users
VALUES (1, 'admin', '$2a$10$Ll/I47FxR00F61HXVRfU4eECPTH7k6IbTA/3h4pBevkAj3vLRwrMG', 'ROLE_EDITOR, ROLE_USER'),
       (2, 'user', '$2a$10$nx3Gu3e22GEZEpoYFz7AfeubGjNXiett7MFsfS2o979oy7za54u9S', 'ROLE_USER');

